weapon_name,upgrade_name,hint,cost,weaponVO,weaponVOresp,ammo_cost,create_vox,obsolete_false,in_box,upgrade_in_box,is_limited,limit,upgrade_limit,obsolete2_false,wallbuy_autospawn,class,is_aat_exempt,is_wonder_weapon,force_attachments
pistol_standard,pistol_standard_upgraded,,50,pistol,,0,,,FALSE,FALSE,TRUE,0,,FALSE,FALSE,pistol,TRUE,,
bouncingbetty,,,1000,betty,,,,,FALSE,FALSE,FALSE,,,FALSE,TRUE,grenade,,,
cymbal_monkey,,,2000,monkey,,,,,TRUE,FALSE,FALSE,,,FALSE,TRUE,grenade,,,
frag_grenade,,,250,grenade,,250,,,FALSE,FALSE,FALSE,,,FALSE,TRUE,grenade,,,
knife,,,0,,,0,,,FALSE,FALSE,,,,FALSE,FALSE,special,,,
bowie_knife,,,3000,wpck_bowie,,,,,FALSE,FALSE,,,,FALSE,FALSE,special,,,
ray_gun,ray_gun_upgraded,,10000,wpck_ray,,,,,FALSE,FALSE,FALSE,,,FALSE,TRUE,special,TRUE,TRUE,
tesla_gun,tesla_gun_upgraded,,10000,tesla,,,,,FALSE,FALSE,FALSE,,,FALSE,TRUE,special,TRUE,TRUE,
ar_accurate,ar_accurate_upgraded,,1500,rifle,,,,,FALSE,FALSE,FALSE,,,FALSE,TRUE,rifle,,,
ar_cqb,ar_cqb_upgraded,,1600,rifle,,,,,FALSE,FALSE,FALSE,,,FALSE,TRUE,rifle,,,
ar_damage,ar_damage_upgraded,,5000,rifle,,,,,FALSE,FALSE,FALSE,,,FALSE,TRUE,rifle,,,
ar_longburst,ar_longburst_upgraded,,1500,rifle,,,,,FALSE,FALSE,FALSE,,,FALSE,TRUE,rifle,,,
ar_marksman,ar_marksman_upgraded,,500,rifle,,,,,FALSE,FALSE,FALSE,,,FALSE,TRUE,rifle,,,
ar_standard,ar_standard_upgraded,,1400,rifle,,,,,FALSE,FALSE,FALSE,,,FALSE,TRUE,rifle,,,
lmg_cqb,lmg_cqb_upgraded,,5000,lmg,,,,,FALSE,FALSE,FALSE,,,FALSE,TRUE,lmg,,,
lmg_heavy,lmg_heavy_upgraded,,5000,lmg,,,,,FALSE,FALSE,FALSE,,,FALSE,TRUE,lmg,,,
lmg_light,lmg_light_upgraded,,5000,lmg,,,,,FALSE,FALSE,FALSE,,,FALSE,TRUE,lmg,,,
lmg_slowfire,lmg_slowfire_upgraded,,5000,lmg,,,,,FALSE,FALSE,FALSE,,,FALSE,TRUE,lmg,,,
pistol_burst,pistol_burst_upgraded,,500,pistol,,,,,FALSE,FALSE,FALSE,,,FALSE,TRUE,pistol,,,
pistol_fullauto,pistol_fullauto_upgraded,,750,pistol,,,,,FALSE,FALSE,FALSE,,,FALSE,TRUE,pistol,,,
shotgun_fullauto,shotgun_fullauto_upgraded,,5000,shotgun,,,,,FALSE,FALSE,FALSE,,,FALSE,TRUE,shotgun,,,
shotgun_precision,shotgun_precision_upgraded,,1100,shotgun,,,,,FALSE,FALSE,FALSE,,,FALSE,TRUE,shotgun,,,
shotgun_pump,shotgun_pump_upgraded,,750,shotgun,,,,,FALSE,FALSE,FALSE,,,FALSE,TRUE,shotgun,,,
shotgun_semiauto,shotgun_semiauto_upgraded,,5000,shotgun,,,,,FALSE,FALSE,FALSE,,,FALSE,TRUE,shotgun,,,
launcher_standard,launcher_standard_upgraded,,10000,,,,,,FALSE,FALSE,FALSE,,,FALSE,TRUE,special,TRUE,,
smg_burst,smg_burst_upgraded,,700,smg,,,,,FALSE,FALSE,FALSE,,,FALSE,TRUE,smg,,,
smg_capacity,smg_capacity_upgraded,,5000,smg,,,,,FALSE,FALSE,FALSE,,,FALSE,TRUE,smg,,,
smg_fastfire,smg_fastfire_upgraded,,1250,smg,,,,,FALSE,FALSE,FALSE,,,FALSE,TRUE,smg,,,
smg_standard,smg_standard_upgraded,,1250,smg,,,,,FALSE,FALSE,FALSE,,,FALSE,TRUE,smg,,,
smg_versatile,smg_versatile_upgraded,,1300,smg,,,,,FALSE,FALSE,FALSE,,,FALSE,TRUE,smg,,,
sniper_fastbolt,sniper_fastbolt_upgraded,,5000,sniper,,,,,FALSE,FALSE,FALSE,,,FALSE,TRUE,sniper,,,
sniper_fastsemi,sniper_fastsemi_upgraded,,5000,sniper,,,,,FALSE,FALSE,FALSE,,,FALSE,TRUE,sniper,,,
sniper_powerbolt,sniper_powerbolt_upgraded,,5000,sniper,,,,,FALSE,FALSE,FALSE,,,FALSE,TRUE,sniper,,,
zod_riotshield,zod_riotshield_upgraded,,500,,,,,,FALSE,FALSE,FALSE,,,FALSE,TRUE,special,TRUE,,
hero_gravityspikes_melee,hero_gravityspikes_melee,,500,,,,,,FALSE,FALSE,FALSE,,,FALSE,TRUE,special,TRUE,,
pistol_revolver38,pistol_revolver38_upgraded,,50,pistol,,0,,,FALSE,FALSE,TRUE,0,,FALSE,FALSE,pistol,TRUE,,
octobomb,octobomb_upgraded,,2000,octobomb,,0,,,TRUE,FALSE,FALSE,,,FALSE,FALSE,grenade,,,
smg_sten,smg_sten_upgraded,,2000,rifle,,,,,FALSE,FALSE,FALSE,,,FALSE,TRUE,smg,,,
raygun_mark3,raygun_mark3_upgraded,,10000,ray3,,0,,,FALSE,FALSE,TRUE,1,,FALSE,FALSE,special,TRUE,TRUE,
ar_famas,ar_famas_upgraded,,5000,rifle,,,,,FALSE,FALSE,FALSE,,,FALSE,TRUE,rifle,,,reddot grip
ar_garand,ar_garand_upgraded,,5000,rifle,,,,,FALSE,FALSE,FALSE,,,FALSE,TRUE,rifle,,,reflex rf
smg_mp40,smg_mp40_upgraded,,5000,smg,,,,,FALSE,FALSE,FALSE,,,FALSE,TRUE,smg,,,stalker quickdraw
smg_ppsh,smg_ppsh_upgraded,,5000,smg,,,,,FALSE,FALSE,FALSE,,,FALSE,TRUE,smg,,,
special_crossbow_dw,special_crossbow_dw_upgraded,,5000,dual,,,,,FALSE,FALSE,FALSE,,,FALSE,FALSE,special,TRUE,,
ar_peacekeeper,ar_peacekeeper_upgraded,,5000,rifle,,,,,FALSE,FALSE,FALSE,,,FALSE,TRUE,rifle,,,holo damage fmj
pistol_energy,pistol_energy_upgraded,,500,energy_pistol,,,,,FALSE,FALSE,FALSE,,,FALSE,TRUE,pistol,,,reddot steadyaim fastreload
shotgun_energy,shotgun_energy_upgraded,,5000,shotgun,,,,,FALSE,FALSE,FALSE,0,,FALSE,FALSE,shotgun,,,holo quickdraw stalker_shotgun
smg_thompson,smg_thompson_upgraded,,1750,smg,,,,,FALSE,FALSE,FALSE,,,FALSE,FALSE,smg,,,
thundergun,thundergun_upgraded,,10000,thundergun,,,,,TRUE,FALSE,FALSE,,,FALSE,TRUE,special,TRUE,TRUE,
launcher_multi,launcher_multi_upgraded,,5000,launcher,,,,,FALSE,FALSE,FALSE,,,FALSE,TRUE,special,TRUE,,



t6_ak47,t6_ak47_up,,1400,rifle,,,,,TRUE,FALSE,FALSE,,,FALSE,TRUE,rifle,,,
t6_ak74u,t6_ak74u_up,,1200,smg,,,,,TRUE,FALSE,FALSE,,,FALSE,TRUE,smg,,,
t6_an94,t6_an94_up,,1200,rifle,,,,,TRUE,FALSE,FALSE,,,FALSE,TRUE,rifle,,,
t6_b23r,t6_b23r_up,,900,pistol,,,,,TRUE,FALSE,FALSE,,,FALSE,TRUE,pistol,,,
t6_ballista,t6_ballista_up,,1800,sniper,,,,,TRUE,FALSE,FALSE,,,FALSE,TRUE,sniper,,,
t6_m82a1,t6_m82a1_up,,2000,sniper,,,,,TRUE,FALSE,FALSE,,,FALSE,TRUE,sniper,,,
t6_blundergat,t6_blundergat_up,,2300,shotgun,,,,,TRUE,FALSE,FALSE,,,FALSE,TRUE,shotgun,,,
t6_browninghp,t6_browninghp_up,,900,pistol,,,,,TRUE,FALSE,FALSE,,,FALSE,TRUE,pistol,,,
t6_chicom_cqb,t6_chicom_cqb_up,,1000,smg,,,,,TRUE,FALSE,FALSE,,,FALSE,TRUE,smg,,,
t6_death_machine,t6_death_machine_up,,5000,lmg,,,,,TRUE,FALSE,FALSE,,,FALSE,TRUE,lmg,,,
t6_dragunov,t6_dragunov_up,,1750,sniper,,,,,TRUE,FALSE,FALSE,,,FALSE,TRUE,sniper,,,
t6_dsr50,t6_dsr50_up,,2000,sniper,,,,,TRUE,FALSE,FALSE,,,FALSE,TRUE,sniper,,,
t6_executioner,t6_executioner_rdw_up,,1400,pistol,,,,,TRUE,FALSE,FALSE,,,FALSE,TRUE,pistol,,,
t6_fal,t6_fal_up,,1250,rifle,,,,,TRUE,FALSE,FALSE,,,FALSE,TRUE,rifle,,,
t6_fal_osw,t6_fal_osw_up,,1400,rifle,,,,,TRUE,FALSE,FALSE,,,FALSE,TRUE,rifle,,,
t6_stinger,t6_stinger_up,,3000,launcher,,,,,TRUE,FALSE,FALSE,,,FALSE,TRUE,launcher,TRUE,,
t6_fiveseven,t6_fiveseven_up,,900,pistol,,,,,TRUE,FALSE,FALSE,,,FALSE,TRUE,pistol,,,
t6_fiveseven_rdw,t6_fiveseven_rdw_up,,1100,pistol,,,,,TRUE,FALSE,FALSE,,,FALSE,TRUE,pistol,,,
t6_galil,t6_galil_up,,1400,rifle,,,,,TRUE,FALSE,FALSE,,,FALSE,TRUE,rifle,,,
t6_hamr,t6_hamr_up,,2500,lmg,,,,,TRUE,FALSE,FALSE,,,FALSE,TRUE,lmg,,,
t6_kap40,t6_kap40_rdw_up,,900,pistol,,,,,TRUE,FALSE,FALSE,,,FALSE,TRUE,pistol,,,
t6_ksg,t6_ksg_up,,1500,shotgun,,,,,TRUE,FALSE,FALSE,,,FALSE,TRUE,shotgun,,,
t6_lsat,t6_lsat_up,,2750,lmg,,,,,TRUE,FALSE,FALSE,,,FALSE,TRUE,lmg,,,
t6_m8a1,t6_m8a1_up,,1250,rifle,,,,,TRUE,FALSE,FALSE,,,FALSE,TRUE,rifle,,,
t6_m14,t6_m14_up,,500,rifle,,,,,TRUE,FALSE,FALSE,,,FALSE,TRUE,rifle,,,
t6_m16a1,t6_m16a1_up,,1200,rifle,,,,,TRUE,FALSE,FALSE,,,FALSE,TRUE,rifle,,,
t6_m27,t6_m27_up,,1400,rifle,,,,,TRUE,FALSE,FALSE,,,FALSE,TRUE,rifle,,,
t6_m60,t6_m60_up,,2750,lmg,,,,,TRUE,FALSE,FALSE,,,FALSE,TRUE,lmg,,,
t6_m1216,t6_m1216_up,,1300,shotgun,,,,,TRUE,FALSE,FALSE,,,FALSE,TRUE,shotgun,,,
t6_m1911,t6_m1911_rdw_up,,300,pistol,,,,,TRUE,FALSE,FALSE,,,FALSE,TRUE,pistol,,,
t6_m1927,t6_m1927_up,,1500,smg,,,,,TRUE,FALSE,FALSE,,,FALSE,TRUE,smg,,,
t6_mauser_c96,t6_mauser_c96_up,,300,pistol,,,,,TRUE,FALSE,FALSE,,,FALSE,TRUE,pistol,,,
t6_mg0815,t6_mg0815_up,,2500,lmg,,,,,TRUE,FALSE,FALSE,,,FALSE,TRUE,lmg,,,
t6_mk48,t6_mk48_up,,2700,lmg,,,,,TRUE,FALSE,FALSE,,,FALSE,TRUE,lmg,,,
t6_mm1,t6_mm1_up,,3000,launcher,,,,,TRUE,FALSE,FALSE,,,FALSE,TRUE,launcher,TRUE,,
t6_mp5,t6_mp5_up,,1000,smg,,,,,TRUE,FALSE,FALSE,,,FALSE,TRUE,smg,,,
t6_mp7,t6_mp7_up,,1300,smg,,,,,TRUE,FALSE,FALSE,,,FALSE,TRUE,smg,,,
t6_mp40,t6_mp40_up,,1000,smg,,,,,TRUE,FALSE,FALSE,,,FALSE,TRUE,smg,,,
t6_msmc,t6_msmc_up,,1400,smg,,,,,TRUE,FALSE,FALSE,,,FALSE,TRUE,smg,,,
t6_mtar,t6_mtar_up,,1300,rifle,,,,,TRUE,FALSE,FALSE,,,FALSE,TRUE,rifle,,,
t6_olympia,t6_olympia_up,,500,shotgun,,,,,TRUE,FALSE,FALSE,,,FALSE,TRUE,shotgun,,,
t6_pdw57,t6_pdw57_up,,1300,smg,,,,,TRUE,FALSE,FALSE,,,FALSE,TRUE,smg,,,
t6_peacekeeper,t6_peacekeeper_up,,1500,smg,,,,,TRUE,FALSE,FALSE,,,FALSE,TRUE,smg,,,
t6_python,t6_python_up,,1000,pistol,,,,,TRUE,FALSE,FALSE,,,FALSE,TRUE,pistol,,,
t6_qbb_lsw,t6_qbb_lsw_up,,2250,lmg,,,,,TRUE,FALSE,FALSE,,,FALSE,TRUE,lmg,,,
t6_rem870mcs,t6_rem870mcs_up,,1300,shotgun,,,,,TRUE,FALSE,FALSE,,,FALSE,TRUE,shotgun,,,
t6_remnewmodel,t6_remnewmodel_up,,1000,pistol,,,,,TRUE,FALSE,FALSE,,,FALSE,TRUE,pistol,,,
t6_rpd,t6_rpd_up,,2500,lmg,,,,,TRUE,FALSE,FALSE,,,FALSE,TRUE,lmg,,,
t6_rpg,t6_rpg_up,,3000,launcher,,,,,TRUE,FALSE,FALSE,,,FALSE,TRUE,launcher,TRUE,,
t6_s12,t6_s12_up,,1250,shotgun,,,,,TRUE,FALSE,FALSE,,,FALSE,TRUE,shotgun,,,
t6_scarh,t6_scarh_up,,1500,rifle,,,,,TRUE,FALSE,FALSE,,,FALSE,TRUE,rifle,,,
t6_skorpion_evo,t6_skorpion_evo_up,,1200,smg,,,,,TRUE,FALSE,FALSE,,,FALSE,TRUE,smg,,,
t6_smaw,t6_smaw_up,,3000,launcher,,,,,TRUE,FALSE,FALSE,,,FALSE,TRUE,launcher,TRUE,,
t6_smr,t6_smr_up,,1100,rifle,,,,,TRUE,FALSE,FALSE,,,FALSE,TRUE,rifle,,,
t6_spas12,t6_spas12_up,,1300,shotgun,,,,,TRUE,FALSE,FALSE,,,FALSE,TRUE,shotgun,,,
t6_stg44,t6_stg44_up,,1400,rifle,,,,,TRUE,FALSE,FALSE,,,FALSE,TRUE,rifle,,,
t6_storm_psr,t6_storm_psr_up,,1800,sniper,,,,,TRUE,FALSE,FALSE,,,FALSE,TRUE,sniper,,,
t6_svu_as,t6_svu_as_up,,1000,sniper,,,,,TRUE,FALSE,FALSE,,,FALSE,TRUE,sniper,,,
t6_swat556,t6_swat556_up,,1300,rifle,,,,,TRUE,FALSE,FALSE,,,FALSE,TRUE,rifle,,,
t6_tac45,t6_tac45_up,,300,pistol,,,,,TRUE,FALSE,FALSE,,,FALSE,TRUE,pistol,,,
t6_titus6_gl,t6_titus6_gl_up,,2500,launcher,,,,,TRUE,FALSE,FALSE,,,FALSE,TRUE,launcher,TRUE,,
t6_type25,t6_type25_up,,1200,rifle,,,,,TRUE,FALSE,FALSE,,,FALSE,TRUE,rifle,,,
t6_uzi,t6_uzi_up,,1250,smg,,,,,TRUE,FALSE,FALSE,,,FALSE,TRUE,smg,,,
t6_vector_k10,t6_vector_k10_up,,1400,smg,,,,,TRUE,FALSE,FALSE,,,FALSE,TRUE,smg,,,
t6_war_machine,t6_war_machine_up,,1700,launcher,,,,,TRUE,FALSE,FALSE,,,FALSE,TRUE,launcher,TRUE,,
t6_xpr50,t6_xpr50_up,,1750,sniper,,,,,TRUE,FALSE,FALSE,,,FALSE,TRUE,sniper,,,
