xmodel,avgArea (min 50.0),triCount (max 0),dimX,dimY,dimZ,volume,refs
p7_light_fixture_led_utility,0.70,151,4.96,4.30,9.36,199.51,2
p7_zm_der_light_shade,8.29,146,24.20,24.20,11.00,6442.89,8
p7_zm_der2_light_hurricane_lamp,15.71,60,12.83,11.50,26.46,3905.17,8
p7_fxp_debris_wood_splinter_03,0.39,52,1.00,6.09,1.13,6.85,1
p7_fxp_debris_wood_splinter_02,0.15,48,0.78,3.73,0.88,2.55,1
c_zom_der_zombie_helmet1,7.07,32,10.01,10.56,9.27,979.39,1
c_zom_zod_zombie_fem_body1_g_rarmspawn,1.62,16,10.08,4.44,4.24,189.80,1
p7_gib_chunk_meat_01,4.31,16,2.61,7.35,8.75,167.67,1
p7_gib_chunk_meat_02,3.93,16,4.00,7.68,5.48,168.48,1
p7_gib_chunk_flesh_01,2.48,16,4.98,1.51,5.99,45.20,1
p7_gib_chunk_flesh_02,1.75,16,1.42,5.32,4.56,34.36,1
p7_gib_chunk_flesh_03,1.63,16,3.89,1.82,4.60,32.62,1
p7_gib_chunk_bone_01,0.66,16,1.93,2.13,4.84,19.91,1
p7_gib_chunk_bone_02,0.91,16,2.83,3.32,2.05,19.34,1
p7_gib_chunk_bone_03,1.07,16,2.66,4.52,3.11,37.40,1
c_zom_zod_zombie_fem_body1_g_rlegspawn,8.35,16,11.92,8.81,4.88,512.85,1
p7_fxp_debris_wood_splinter_01,0.21,16,0.95,1.67,0.29,0.45,1
p7_fxp_debris_rock_01,0.75,16,2.59,1.59,1.72,7.13,1
p7_fxp_debris_rock_02,1.01,16,3.34,1.90,2.12,13.47,1
p7_fxp_debris_rock_03,2.50,16,4.58,4.01,1.96,36.05,1
p7_fxp_debris_car_glass_shatter_01,0.06,16,0.63,0.74,0.41,0.19,1
p7_fxp_debris_car_glass_shatter_02,0.07,16,0.60,0.79,0.42,0.20,1
p7_gib_chunk_meat_03,4.97,15,3.14,6.78,7.21,153.74,1
c_zom_zod_zombie_fem_body1_g_larmspawn,0.75,15,10.08,4.44,4.24,189.80,1
c_zom_zod_zombie_fem_body1_g_llegspawn,8.84,15,11.92,8.81,4.88,512.85,1
p7_fxp_debris_car_glass_shatter_03,0.07,12,0.59,0.61,0.26,0.09,1
